_id,id,type,data
62cc1f9ab41dcd4b1beb86a9,621e2e8e67b776a24055b564,Profile,"{'child': False, 'start_of_week': 'SUNDAY', 'sleep_tracking': 'Normal', 'time_display_format': '12hour', 'gender': 'MALE', 'weight_unit': 'METRIC', 'distance_unit': 'METRIC', 'height_unit': 'METRIC', 'water_unit': 'en_US', 'glucose_unit': 'en_US', 'swim_unit': 'METRIC', 'bmi': '<19', 'age': '<30'}"
62cc202db41dcd4b1b010814,621e2eaf67b776a2406b14ac,Profile,"{'child': False, 'start_of_week': 'MONDAY', 'sleep_tracking': 'Normal', 'time_display_format': '12hour', 'gender': 'FEMALE', 'weight_unit': 'METRIC', 'distance_unit': 'METRIC', 'height_unit': 'METRIC', 'water_unit': 'METRIC', 'glucose_unit': 'METRIC', 'swim_unit': 'METRIC', 'bmi': '<19', 'age': '>=30'}"
62cc20e3b41dcd4b1b1ba03b,621e2ed667b776a24085d8d1,Profile,"{'child': False, 'start_of_week': 'MONDAY', 'sleep_tracking': 'Normal', 'time_display_format': '24hour', 'gender': 'FEMALE', 'weight_unit': 'METRIC', 'distance_unit': 'METRIC', 'height_unit': 'METRIC', 'water_unit': 'METRIC', 'glucose_unit': 'METRIC', 'swim_unit': 'METRIC', 'bmi': 23.0, 'age': '<30'}"
62cc216db41dcd4b1b2f143a,621e2ef567b776a24099f889,Profile,"{'child': False, 'start_of_week': 'SUNDAY', 'sleep_tracking': 'Normal', 'time_display_format': '24hour', 'gender': 'MALE', 'weight_unit': 'METRIC', 'distance_unit': 'METRIC', 'height_unit': 'METRIC', 'water_unit': 'METRIC', 'glucose_unit': 'METRIC', 'swim_unit': 'METRIC', 'bmi': 28.0, 'age': '<30'}"
62cc217eb41dcd4b1b3399c3,621e2efa67b776a2409dd1c3,Profile,"{'child': False, 'start_of_week': 'SUNDAY', 'sleep_tracking': 'Normal', 'time_display_format': '12hour', 'gender': 'FEMALE', 'weight_unit': 'METRIC', 'distance_unit': 'METRIC', 'height_unit': 'METRIC', 'water_unit': 'METRIC', 'glucose_unit': 'en_US', 'swim_unit': 'METRIC', 'bmi': 21.0, 'age': '<30'}"
62cc2211b41dcd4b1b49ae5a,621e2f1b67b776a240b3d87c,Profile,"{'child': False, 'start_of_week': 'MONDAY', 'sleep_tracking': 'Normal', 'time_display_format': '24hour', 'gender': 'FEMALE', 'weight_unit': 'METRIC', 'distance_unit': 'METRIC', 'height_unit': 'METRIC', 'water_unit': 'METRIC', 'glucose_unit': 'METRIC', 'swim_unit': 'METRIC', 'bmi': 22.0, 'age': '>=30'}"
62cc2282b41dcd4b1b5c3402,621e2f3967b776a240c654db,Profile,"{'child': False, 'start_of_week': 'MONDAY', 'sleep_tracking': 'Normal', 'time_display_format': '12hour', 'gender': 'MALE', 'weight_unit': 'METRIC', 'distance_unit': 'METRIC', 'height_unit': 'METRIC', 'water_unit': 'METRIC', 'glucose_unit': 'en_US', 'swim_unit': 'METRIC', 'bmi': 24.0, 'age': '>=30'}"
62cc22fdb41dcd4b1b6e441b,621e2f5767b776a240d8f9d6,Profile,"{'child': False, 'start_of_week': 'MONDAY', 'sleep_tracking': 'Normal', 'time_display_format': '24hour', 'gender': 'FEMALE', 'weight_unit': 'METRIC', 'distance_unit': 'METRIC', 'height_unit': 'METRIC', 'water_unit': 'METRIC', 'glucose_unit': 'METRIC', 'swim_unit': 'METRIC', 'bmi': 20.0, 'age': '<30'}"
62cc2329b41dcd4b1b7611eb,621e2f6167b776a240e082a9,Profile,"{'child': False, 'start_of_week': 'MONDAY', 'sleep_tracking': 'Normal', 'time_display_format': '12hour', 'gender': 'FEMALE', 'weight_unit': 'METRIC', 'distance_unit': 'METRIC', 'height_unit': 'METRIC', 'water_unit': 'METRIC', 'glucose_unit': 'METRIC', 'swim_unit': 'METRIC', 'bmi': '>=25', 'age': '>=30'}"
62cc239ab41dcd4b1b86c20c,621e2f7a67b776a240f14425,Profile,"{'child': False, 'start_of_week': 'SUNDAY', 'sleep_tracking': 'Normal', 'time_display_format': '24hour', 'gender': 'MALE', 'weight_unit': 'METRIC', 'distance_unit': 'METRIC', 'height_unit': 'METRIC', 'water_unit': 'METRIC', 'glucose_unit': 'METRIC', 'swim_unit': 'METRIC', 'bmi': 24.0, 'age': '>=30'}"
62cc2408b41dcd4b1b96fb82,621e2f9167b776a240011ccb,Profile,"{'child': False, 'start_of_week': 'MONDAY', 'sleep_tracking': 'Normal', 'time_display_format': '24hour', 'gender': 'FEMALE', 'weight_unit': 'METRIC', 'distance_unit': 'METRIC', 'height_unit': 'METRIC', 'water_unit': 'METRIC', 'glucose_unit': 'METRIC', 'swim_unit': 'METRIC', 'bmi': 20.0, 'age': '>=30'}"
62cc2493b41dcd4b1bab46c7,621e2fb367b776a24015accd,Profile,"{'child': False, 'start_of_week': 'SUNDAY', 'sleep_tracking': 'Normal', 'time_display_format': '12hour', 'gender': 'MALE', 'weight_unit': 'METRIC', 'distance_unit': 'METRIC', 'height_unit': 'METRIC', 'water_unit': 'METRIC', 'glucose_unit': 'en_US', 'swim_unit': 'METRIC', 'bmi': 22.0, 'age': '>=30'}"
62cc2512b41dcd4b1bbd5201,621e2fce67b776a240279baa,Profile,"{'child': False, 'start_of_week': 'MONDAY', 'sleep_tracking': 'Normal', 'time_display_format': '24hour', 'gender': 'MALE', 'weight_unit': 'METRIC', 'distance_unit': 'METRIC', 'height_unit': 'METRIC', 'water_unit': 'METRIC', 'glucose_unit': 'METRIC', 'swim_unit': 'METRIC', 'bmi': 24.0, 'age': '<30'}"
62cc25b6b41dcd4b1bd45598,621e2ff067b776a2403eb737,Profile,"{'child': False, 'start_of_week': 'MONDAY', 'sleep_tracking': 'Normal', 'time_display_format': '24hour', 'gender': 'FEMALE', 'weight_unit': 'METRIC', 'distance_unit': 'METRIC', 'height_unit': 'METRIC', 'water_unit': 'METRIC', 'glucose_unit': 'METRIC', 'swim_unit': 'METRIC', 'bmi': '>=25', 'age': '<30'}"
62cc2621b41dcd4b1be2f5c0,621e300767b776a2404dc717,Profile,"{'child': False, 'start_of_week': 'MONDAY', 'sleep_tracking': 'Normal', 'time_display_format': '24hour', 'gender': 'MALE', 'weight_unit': 'METRIC', 'distance_unit': 'METRIC', 'height_unit': 'METRIC', 'water_unit': 'METRIC', 'glucose_unit': 'METRIC', 'swim_unit': 'METRIC', 'bmi': 29.0, 'age': '<30'}"
62cc265cb41dcd4b1beca6ae,621e301367b776a24057738e,Profile,"{'child': False, 'start_of_week': 'SUNDAY', 'sleep_tracking': 'Normal', 'time_display_format': '12hour', 'gender': 'MALE', 'weight_unit': 'METRIC', 'distance_unit': 'METRIC', 'height_unit': 'METRIC', 'water_unit': 'METRIC', 'glucose_unit': 'METRIC', 'swim_unit': 'METRIC', 'bmi': 23.0, 'age': '>=30'}"
62cc2782b41dcd4b1b17be0b,621e309267b776a240ae1cdb,Profile,"{'child': False, 'start_of_week': 'MONDAY', 'sleep_tracking': 'Normal', 'time_display_format': '12hour', 'gender': 'MALE', 'weight_unit': 'METRIC', 'distance_unit': 'METRIC', 'height_unit': 'METRIC', 'water_unit': 'en_US', 'glucose_unit': 'en_US', 'swim_unit': 'METRIC', 'bmi': '<19', 'age': '<30'}"
62cc27aeb41dcd4b1b1f2294,621e309b67b776a240b532b0,Profile,"{'child': False, 'start_of_week': 'SUNDAY', 'sleep_tracking': 'Normal', 'time_display_format': '24hour', 'gender': 'MALE', 'weight_unit': 'METRIC', 'distance_unit': 'METRIC', 'height_unit': 'METRIC', 'water_unit': 'METRIC', 'glucose_unit': 'METRIC', 'swim_unit': 'METRIC', 'bmi': 23.0, 'age': '>=30'}"
62cc281eb41dcd4b1b2fd591,621e30b267b776a240c5e13f,Profile,"{'child': False, 'start_of_week': 'MONDAY', 'sleep_tracking': 'Normal', 'time_display_format': '24hour', 'gender': 'FEMALE', 'weight_unit': 'METRIC', 'distance_unit': 'METRIC', 'height_unit': 'METRIC', 'water_unit': 'METRIC', 'glucose_unit': 'METRIC', 'swim_unit': 'METRIC', 'bmi': 21.0, 'age': '<30'}"
62cc2885b41dcd4b1b3ebb29,621e30c867b776a240d4aa6c,Profile,"{'child': False, 'start_of_week': 'MONDAY', 'sleep_tracking': 'Normal', 'time_display_format': '24hour', 'gender': 'FEMALE', 'weight_unit': 'METRIC', 'distance_unit': 'METRIC', 'height_unit': 'METRIC', 'water_unit': 'METRIC', 'glucose_unit': 'METRIC', 'swim_unit': 'METRIC', 'bmi': 20.0, 'age': '<30'}"
62cc28f9b41dcd4b1b4f3f69,621e30e267b776a240e5bf90,Profile,"{'child': False, 'start_of_week': 'MONDAY', 'sleep_tracking': 'Normal', 'time_display_format': '24hour', 'gender': 'MALE', 'weight_unit': 'METRIC', 'distance_unit': 'METRIC', 'height_unit': 'METRIC', 'water_unit': 'METRIC', 'glucose_unit': 'METRIC', 'swim_unit': 'METRIC', 'bmi': '>=30', 'age': '<30'}"
62cc2900b41dcd4b1b521591,621e30e467b776a240e817c7,Profile,"{'child': False, 'start_of_week': 'SUNDAY', 'sleep_tracking': 'Normal', 'time_display_format': '24hour', 'gender': 'MALE', 'weight_unit': 'METRIC', 'distance_unit': 'METRIC', 'height_unit': 'METRIC', 'water_unit': 'METRIC', 'glucose_unit': 'METRIC', 'swim_unit': 'METRIC', 'bmi': '>=30', 'age': '<30'}"
62cc2944b41dcd4b1b5c3155,621e30f467b776a240f22944,Profile,"{'child': False, 'start_of_week': 'MONDAY', 'sleep_tracking': 'Normal', 'time_display_format': '24hour', 'gender': 'MALE', 'weight_unit': 'METRIC', 'distance_unit': 'METRIC', 'height_unit': 'METRIC', 'water_unit': 'METRIC', 'glucose_unit': 'METRIC', 'swim_unit': 'METRIC', 'bmi': 20.0, 'age': '<30'}"
62cc29bcb41dcd4b1b6d1348,621e310d67b776a24003096d,Profile,"{'child': False, 'start_of_week': 'MONDAY', 'sleep_tracking': 'Normal', 'time_display_format': '12hour', 'gender': 'FEMALE', 'weight_unit': 'METRIC', 'distance_unit': 'METRIC', 'height_unit': 'METRIC', 'water_unit': 'METRIC', 'glucose_unit': 'METRIC', 'swim_unit': 'METRIC', 'bmi': 20.0, 'age': '>=30'}"
62cc2a45b41dcd4b1b805f1d,621e312a67b776a240164d59,Profile,"{'child': False, 'start_of_week': 'MONDAY', 'sleep_tracking': 'Normal', 'time_display_format': '24hour', 'gender': 'MALE', 'weight_unit': 'METRIC', 'distance_unit': 'METRIC', 'height_unit': 'METRIC', 'water_unit': 'METRIC', 'glucose_unit': 'METRIC', 'swim_unit': 'METRIC', 'bmi': 25.0, 'age': '>=30'}"
62cc2aceb41dcd4b1b93ef16,621e314867b776a24029ebf9,Profile,"{'child': False, 'start_of_week': 'MONDAY', 'sleep_tracking': 'Normal', 'time_display_format': '24hour', 'gender': 'MALE', 'weight_unit': 'METRIC', 'distance_unit': 'METRIC', 'height_unit': 'METRIC', 'water_unit': 'METRIC', 'glucose_unit': 'METRIC', 'swim_unit': 'METRIC', 'bmi': 24.0, 'age': '<30'}"
62cc2efcb41dcd4b1b3d5a2b,621e320b67b776a240d36a07,Profile,"{'child': False, 'start_of_week': 'SUNDAY', 'sleep_tracking': 'Normal', 'time_display_format': '24hour', 'gender': 'MALE', 'weight_unit': 'METRIC', 'distance_unit': 'METRIC', 'height_unit': 'METRIC', 'water_unit': 'METRIC', 'glucose_unit': 'METRIC', 'swim_unit': 'METRIC', 'bmi': 27.0, 'age': '<30'}"
62cc2f6bb41dcd4b1b4e29c7,621e322367b776a240e44e9b,Profile,"{'child': False, 'start_of_week': 'SUNDAY', 'sleep_tracking': 'Normal', 'time_display_format': '12hour', 'gender': 'MALE', 'weight_unit': 'METRIC', 'distance_unit': 'METRIC', 'height_unit': 'METRIC', 'water_unit': 'en_US', 'glucose_unit': 'en_US', 'swim_unit': 'METRIC', 'bmi': 27.0, 'age': '>=30'}"
62cc2fbfb41dcd4b1b5b8f91,621e323667b776a240f19134,Profile,"{'child': False, 'start_of_week': 'MONDAY', 'sleep_tracking': 'Normal', 'time_display_format': '12hour', 'gender': 'MALE', 'weight_unit': 'en_GB', 'distance_unit': 'METRIC', 'height_unit': 'METRIC', 'water_unit': 'METRIC', 'glucose_unit': 'METRIC', 'swim_unit': 'METRIC', 'bmi': 19.0, 'age': '<30'}"
62cc302bb41dcd4b1b6baab6,621e324e67b776a2400191cb,Profile,"{'child': False, 'start_of_week': 'MONDAY', 'sleep_tracking': 'Normal', 'time_display_format': '24hour', 'gender': 'MALE', 'weight_unit': 'METRIC', 'distance_unit': 'METRIC', 'height_unit': 'METRIC', 'water_unit': 'METRIC', 'glucose_unit': 'METRIC', 'swim_unit': 'METRIC', 'bmi': 27.0, 'age': '>=30'}"
62cc309fb41dcd4b1b7ceefd,621e326767b776a24012e179,Profile,"{'child': False, 'start_of_week': 'MONDAY', 'sleep_tracking': 'Normal', 'time_display_format': '24hour', 'gender': 'FEMALE', 'weight_unit': 'METRIC', 'distance_unit': 'METRIC', 'height_unit': 'METRIC', 'water_unit': 'METRIC', 'glucose_unit': 'METRIC', 'swim_unit': 'METRIC', 'bmi': '<19', 'age': '<30'}"
62cc312db41dcd4b1b91c159,621e328667b776a240281372,Profile,"{'child': False, 'start_of_week': 'SUNDAY', 'sleep_tracking': 'Normal', 'time_display_format': '12hour', 'gender': 'MALE', 'weight_unit': 'METRIC', 'distance_unit': 'METRIC', 'height_unit': 'METRIC', 'water_unit': 'en_US', 'glucose_unit': 'en_US', 'swim_unit': 'METRIC', 'bmi': '>=30', 'age': '>=30'}"
62cc3154b41dcd4b1b9a0e89,621e329067b776a2402ffad2,Profile,"{'child': False, 'start_of_week': 'SUNDAY', 'sleep_tracking': 'Normal', 'time_display_format': '12hour', 'gender': 'MALE', 'weight_unit': 'METRIC', 'distance_unit': 'METRIC', 'height_unit': 'METRIC', 'water_unit': 'en_US', 'glucose_unit': 'en_US', 'swim_unit': 'METRIC', 'bmi': 23.0, 'age': '>=30'}"
62cc31e5b41dcd4b1bafdfda,621e32af67b776a24045b4cf,Profile,"{'child': False, 'start_of_week': 'MONDAY', 'sleep_tracking': 'Normal', 'time_display_format': '24hour', 'gender': 'MALE', 'weight_unit': 'METRIC', 'distance_unit': 'METRIC', 'height_unit': 'METRIC', 'water_unit': 'METRIC', 'glucose_unit': 'METRIC', 'swim_unit': 'METRIC', 'bmi': 22.0, 'age': '<30'}"
62cc3275b41dcd4b1bc527dc,621e32d067b776a2405b7d54,Profile,"{'child': False, 'start_of_week': 'SUNDAY', 'sleep_tracking': 'Normal', 'time_display_format': '12hour', 'gender': 'FEMALE', 'weight_unit': 'METRIC', 'distance_unit': 'METRIC', 'height_unit': 'METRIC', 'water_unit': 'en_US', 'glucose_unit': 'en_US', 'swim_unit': 'METRIC', 'bmi': 22.0, 'age': '>=30'}"
62cc329db41dcd4b1bcc3224,621e32d967b776a240627414,Profile,"{'child': False, 'start_of_week': 'MONDAY', 'sleep_tracking': 'Normal', 'time_display_format': '24hour', 'gender': 'MALE', 'weight_unit': 'METRIC', 'distance_unit': 'METRIC', 'height_unit': 'METRIC', 'water_unit': 'METRIC', 'glucose_unit': 'METRIC', 'swim_unit': 'METRIC', 'bmi': '>=30', 'age': '>=30'}"
62cc32d4b41dcd4b1bd75dec,621e32e667b776a2406d2f1c,Profile,"{'child': False, 'start_of_week': 'MONDAY', 'sleep_tracking': 'Normal', 'time_display_format': '24hour', 'gender': 'MALE', 'weight_unit': 'METRIC', 'distance_unit': 'METRIC', 'height_unit': 'METRIC', 'water_unit': 'METRIC', 'glucose_unit': 'METRIC', 'swim_unit': 'METRIC', 'bmi': '<19', 'age': '>=30'}"
62cc3379b41dcd4b1befb36c,621e331067b776a24085dd3f,Profile,"{'child': False, 'start_of_week': 'MONDAY', 'sleep_tracking': 'Normal', 'time_display_format': '24hour', 'gender': 'FEMALE', 'weight_unit': 'METRIC', 'distance_unit': 'METRIC', 'height_unit': 'METRIC', 'water_unit': 'METRIC', 'glucose_unit': 'METRIC', 'swim_unit': 'METRIC', 'bmi': 21.0, 'age': '>=30'}"
62cc33cdb41dcd4b1bfc7f87,621e332267b776a24092a584,Profile,"{'child': False, 'start_of_week': 'MONDAY', 'sleep_tracking': 'Normal', 'time_display_format': '24hour', 'gender': 'MALE', 'weight_unit': 'METRIC', 'distance_unit': 'METRIC', 'height_unit': 'METRIC', 'water_unit': 'METRIC', 'glucose_unit': 'METRIC', 'swim_unit': 'METRIC', 'bmi': 21.0, 'age': '<30'}"
62cc3425b41dcd4b1b0a44ac,621e333567b776a240a0c217,Profile,"{'child': False, 'start_of_week': 'MONDAY', 'sleep_tracking': 'Normal', 'time_display_format': '12hour', 'gender': 'MALE', 'weight_unit': 'METRIC', 'distance_unit': 'METRIC', 'height_unit': 'METRIC', 'water_unit': 'METRIC', 'glucose_unit': 'METRIC', 'swim_unit': 'METRIC', 'bmi': 21.0, 'age': '<30'}"
62cc3431b41dcd4b1b0e01ca,621e333967b776a240a3cd06,Profile,"{'child': False, 'start_of_week': 'MONDAY', 'sleep_tracking': 'Normal', 'time_display_format': '12hour', 'gender': 'MALE', 'weight_unit': 'METRIC', 'distance_unit': 'METRIC', 'height_unit': 'METRIC', 'water_unit': 'METRIC', 'glucose_unit': 'METRIC', 'swim_unit': 'METRIC', 'bmi': 21.0, 'age': '<30'}"
62cc34c9b41dcd4b1b252584,621e335a67b776a240bb12ff,Profile,"{'child': False, 'start_of_week': 'SUNDAY', 'sleep_tracking': 'Normal', 'time_display_format': '12hour', 'gender': 'FEMALE', 'weight_unit': 'METRIC', 'distance_unit': 'METRIC', 'height_unit': 'METRIC', 'water_unit': 'METRIC', 'glucose_unit': 'en_US', 'swim_unit': 'METRIC', 'bmi': 19.0, 'age': '>=30'}"
62cc354bb41dcd4b1b38ccce,621e337667b776a240ce78ab,Profile,"{'child': False, 'start_of_week': 'MONDAY', 'sleep_tracking': 'Normal', 'time_display_format': '24hour', 'gender': 'MALE', 'weight_unit': 'METRIC', 'distance_unit': 'METRIC', 'height_unit': 'METRIC', 'water_unit': 'METRIC', 'glucose_unit': 'METRIC', 'swim_unit': 'METRIC', 'bmi': 21.0, 'age': '<30'}"
62cc35dfb41dcd4b1b4f00de,621e339967b776a240e502de,Profile,"{'child': False, 'start_of_week': 'MONDAY', 'sleep_tracking': 'Normal', 'time_display_format': '24hour', 'gender': 'FEMALE', 'weight_unit': 'METRIC', 'distance_unit': 'METRIC', 'height_unit': 'METRIC', 'water_unit': 'METRIC', 'glucose_unit': 'METRIC', 'swim_unit': 'METRIC', 'bmi': 20.0, 'age': '<30'}"
62cc3642b41dcd4b1b5daa63,621e33b067b776a240f39e56,Profile,"{'child': False, 'start_of_week': 'MONDAY', 'sleep_tracking': 'Normal', 'time_display_format': '12hour', 'gender': 'MALE', 'weight_unit': 'METRIC', 'distance_unit': 'METRIC', 'height_unit': 'METRIC', 'water_unit': 'METRIC', 'glucose_unit': 'en_US', 'swim_unit': 'METRIC', 'bmi': 22.0, 'age': '>=30'}"
62cc36ceb41dcd4b1b729e93,621e33cf67b776a240087de9,Profile,"{'child': False, 'start_of_week': 'MONDAY', 'sleep_tracking': 'Normal', 'time_display_format': '24hour', 'gender': 'MALE', 'weight_unit': 'METRIC', 'distance_unit': 'METRIC', 'height_unit': 'METRIC', 'water_unit': 'METRIC', 'glucose_unit': 'METRIC', 'swim_unit': 'METRIC', 'bmi': 26.0, 'age': '>=30'}"
62cc3757b41dcd4b1b86e136,621e33ed67b776a2401cf5f7,Profile,"{'child': False, 'start_of_week': 'MONDAY', 'sleep_tracking': 'Normal', 'time_display_format': '12hour', 'gender': 'MALE', 'weight_unit': 'METRIC', 'distance_unit': 'METRIC', 'height_unit': 'METRIC', 'water_unit': 'METRIC', 'glucose_unit': 'METRIC', 'swim_unit': 'METRIC', 'bmi': 26.0, 'age': '<30'}"
62cc37c6b41dcd4b1b971c73,621e340467b776a2402d7982,Profile,"{'child': False, 'start_of_week': 'MONDAY', 'sleep_tracking': 'Normal', 'time_display_format': '24hour', 'gender': 'MALE', 'weight_unit': 'METRIC', 'distance_unit': 'METRIC', 'height_unit': 'METRIC', 'water_unit': 'METRIC', 'glucose_unit': 'METRIC', 'swim_unit': 'METRIC', 'bmi': 25.0, 'age': '>=30'}"
62cc3808b41dcd4b1ba1ab7f,621e341067b776a24037b105,Profile,"{'child': False, 'start_of_week': 'MONDAY', 'sleep_tracking': 'Normal', 'time_display_format': '24hour', 'gender': 'MALE', 'weight_unit': 'METRIC', 'distance_unit': 'METRIC', 'height_unit': 'METRIC', 'water_unit': 'METRIC', 'glucose_unit': 'METRIC', 'swim_unit': 'METRIC', 'bmi': 26.0, 'age': '>=30'}"
62cc3896b41dcd4b1bb6d48e,621e342e67b776a2404ce460,Profile,"{'child': False, 'start_of_week': 'MONDAY', 'sleep_tracking': 'Normal', 'time_display_format': '12hour', 'gender': 'MALE', 'weight_unit': 'METRIC', 'distance_unit': 'METRIC', 'height_unit': 'METRIC', 'water_unit': 'METRIC', 'glucose_unit': 'METRIC', 'swim_unit': 'METRIC', 'bmi': 29.0, 'age': '<30'}"
62cc3949b41dcd4b1bd2a897,621e345267b776a240691064,Profile,"{'child': False, 'start_of_week': 'SUNDAY', 'sleep_tracking': 'Normal', 'time_display_format': '24hour', 'gender': 'FEMALE', 'weight_unit': 'METRIC', 'distance_unit': 'METRIC', 'height_unit': 'METRIC', 'water_unit': 'METRIC', 'glucose_unit': 'METRIC', 'swim_unit': 'METRIC', 'bmi': 20.0, 'age': '<30'}"
62cc3978b41dcd4b1bdaeac4,621e345c67b776a2407146a8,Profile,"{'child': False, 'start_of_week': 'SUNDAY', 'sleep_tracking': 'Normal', 'time_display_format': '24hour', 'gender': 'FEMALE', 'weight_unit': 'METRIC', 'distance_unit': 'METRIC', 'height_unit': 'METRIC', 'water_unit': 'METRIC', 'glucose_unit': 'METRIC', 'swim_unit': 'METRIC', 'bmi': 20.0, 'age': '<30'}"
62cc3b76b41dcd4b1b282872,621e34ca67b776a240be3b69,Profile,"{'child': False, 'start_of_week': 'SUNDAY', 'sleep_tracking': 'Normal', 'time_display_format': '12hour', 'gender': 'FEMALE', 'weight_unit': 'METRIC', 'distance_unit': 'METRIC', 'height_unit': 'METRIC', 'water_unit': 'METRIC', 'glucose_unit': 'METRIC', 'swim_unit': 'METRIC', 'bmi': '<19', 'age': '>=30'}"
62cc3bb8b41dcd4b1b339486,621e34db67b776a240c9c2be,Profile,"{'child': False, 'start_of_week': 'MONDAY', 'sleep_tracking': 'Normal', 'time_display_format': '24hour', 'gender': 'FEMALE', 'weight_unit': 'METRIC', 'distance_unit': 'METRIC', 'height_unit': 'METRIC', 'water_unit': 'METRIC', 'glucose_unit': 'METRIC', 'swim_unit': 'METRIC', 'bmi': 24.0, 'age': '>=30'}"
62cc3bfbb41dcd4b1b3faadd,621e34ec67b776a240d60873,Profile,"{'child': False, 'start_of_week': 'MONDAY', 'sleep_tracking': 'Normal', 'time_display_format': '12hour', 'gender': 'MALE', 'weight_unit': 'METRIC', 'distance_unit': 'METRIC', 'height_unit': 'METRIC', 'water_unit': 'METRIC', 'glucose_unit': 'METRIC', 'swim_unit': 'METRIC', 'bmi': 24.0, 'age': '<30'}"
62cc3c27b41dcd4b1b47e742,621e34f767b776a240de4e1a,Profile,"{'child': False, 'start_of_week': 'MONDAY', 'sleep_tracking': 'Normal', 'time_display_format': '12hour', 'gender': 'FEMALE', 'weight_unit': 'METRIC', 'distance_unit': 'METRIC', 'height_unit': 'METRIC', 'water_unit': 'METRIC', 'glucose_unit': 'METRIC', 'swim_unit': 'METRIC', 'bmi': 23.0, 'age': '<30'}"
62cc3c4bb41dcd4b1b4e7a87,621e34ff67b776a240e446d6,Profile,"{'child': False, 'start_of_week': 'MONDAY', 'sleep_tracking': 'Sensitive', 'time_display_format': '24hour', 'gender': 'FEMALE', 'weight_unit': 'METRIC', 'distance_unit': 'METRIC', 'height_unit': 'METRIC', 'water_unit': 'METRIC', 'glucose_unit': 'METRIC', 'swim_unit': 'METRIC', 'bmi': '>=25', 'age': '>=30'}"
62cc3cc2b41dcd4b1b607eb3,621e351a67b776a240f6204b,Profile,"{'child': False, 'start_of_week': 'MONDAY', 'sleep_tracking': 'Normal', 'time_display_format': '24hour', 'gender': 'MALE', 'weight_unit': 'METRIC', 'distance_unit': 'METRIC', 'height_unit': 'METRIC', 'water_unit': 'METRIC', 'glucose_unit': 'en_US', 'swim_unit': 'METRIC', 'bmi': 22.0, 'age': '<30'}"
62cc4019b41dcd4b1ba36fc1,621e360b67b776a24039709f,Profile,"{'child': False, 'start_of_week': 'MONDAY', 'sleep_tracking': 'Normal', 'time_display_format': '24hour', 'gender': 'FEMALE', 'weight_unit': 'METRIC', 'distance_unit': 'METRIC', 'height_unit': 'METRIC', 'water_unit': 'METRIC', 'glucose_unit': 'METRIC', 'swim_unit': 'METRIC', 'bmi': '<19', 'age': '>=30'}"
62cc4091b41dcd4b1bb5dc1a,621e362467b776a2404ad513,Profile,"{'child': False, 'start_of_week': 'MONDAY', 'sleep_tracking': 'Normal', 'time_display_format': '12hour', 'gender': 'MALE', 'weight_unit': 'METRIC', 'distance_unit': 'METRIC', 'height_unit': 'METRIC', 'water_unit': 'METRIC', 'glucose_unit': 'en_US', 'swim_unit': 'METRIC', 'bmi': 24.0, 'age': '>=30'}"
62cc41a6b41dcd4b1be09dd8,621e366567b776a24076a727,Profile,"{'child': False, 'start_of_week': 'MONDAY', 'sleep_tracking': 'Normal', 'time_display_format': '24hour', 'gender': 'MALE', 'weight_unit': 'METRIC', 'distance_unit': 'METRIC', 'height_unit': 'METRIC', 'water_unit': 'METRIC', 'glucose_unit': 'METRIC', 'swim_unit': 'METRIC', 'bmi': 26.0, 'age': '>=30'}"
62cc421ab41dcd4b1bf22b53,621e367e67b776a24087d75d,Profile,"{'child': False, 'start_of_week': 'MONDAY', 'sleep_tracking': 'Normal', 'time_display_format': '24hour', 'gender': 'MALE', 'weight_unit': 'METRIC', 'distance_unit': 'METRIC', 'height_unit': 'METRIC', 'water_unit': 'METRIC', 'glucose_unit': 'METRIC', 'swim_unit': 'METRIC'}"
62cc4339b41dcd4b1b1d9823,621e36bb67b776a240b40d64,Profile,"{'child': False, 'start_of_week': 'MONDAY', 'sleep_tracking': 'Normal', 'time_display_format': '24hour', 'gender': 'FEMALE', 'weight_unit': 'METRIC', 'distance_unit': 'METRIC', 'height_unit': 'METRIC', 'water_unit': 'METRIC', 'glucose_unit': 'METRIC', 'swim_unit': 'METRIC', 'bmi': 24.0, 'age': '<30'}"
62cc435ab41dcd4b1b240d67,621e36c267b776a240ba2756,Profile,"{'child': False, 'start_of_week': 'MONDAY', 'sleep_tracking': 'Normal', 'time_display_format': '12hour', 'gender': 'MALE', 'weight_unit': 'METRIC', 'distance_unit': 'METRIC', 'height_unit': 'METRIC', 'water_unit': 'METRIC', 'glucose_unit': 'METRIC', 'swim_unit': 'METRIC', 'bmi': 20.0, 'age': '<30'}"
62cc43c5b41dcd4b1b384bf1,621e36dd67b776a240ce9a45,Profile,"{'child': False, 'start_of_week': 'MONDAY', 'sleep_tracking': 'Normal', 'time_display_format': '12hour', 'gender': 'MALE', 'weight_unit': 'METRIC', 'distance_unit': 'METRIC', 'height_unit': 'METRIC', 'water_unit': 'METRIC', 'glucose_unit': 'METRIC', 'swim_unit': 'METRIC', 'bmi': 24.0, 'age': '>=30'}"
62cc4465b41dcd4b1b50f53b,621e36f967b776a240e5e7c9,Profile,"{'child': False, 'start_of_week': 'MONDAY', 'sleep_tracking': 'Normal', 'time_display_format': '12hour', 'gender': 'FEMALE', 'weight_unit': 'METRIC', 'distance_unit': 'METRIC', 'height_unit': 'METRIC', 'water_unit': 'METRIC', 'glucose_unit': 'en_US', 'swim_unit': 'METRIC', 'bmi': '>=25', 'age': '<30'}"
62cc45f1b41dcd4b1b8b84d6,621e375367b776a24021e950,Profile,"{'child': False, 'start_of_week': 'SUNDAY', 'sleep_tracking': 'Normal', 'time_display_format': '12hour', 'gender': 'MALE', 'weight_unit': 'METRIC', 'distance_unit': 'METRIC', 'height_unit': 'METRIC', 'water_unit': 'METRIC', 'glucose_unit': 'METRIC', 'swim_unit': 'METRIC', 'bmi': 28.0, 'age': '<30'}"
62cc461cb41dcd4b1b931572,621e375b67b776a240290cdc,Profile,"{'child': False, 'start_of_week': 'MONDAY', 'sleep_tracking': 'Normal', 'time_display_format': '12hour', 'gender': 'FEMALE', 'weight_unit': 'METRIC', 'distance_unit': 'METRIC', 'height_unit': 'METRIC', 'water_unit': 'METRIC', 'glucose_unit': 'METRIC', 'swim_unit': 'METRIC', 'bmi': 23.0, 'age': '<30'}"
62cc789a2b123120bffdc85c,621e301e67b776a240608a72,Profile,"{'child': False, 'start_of_week': 'MONDAY', 'sleep_tracking': 'Normal', 'time_display_format': '24hour', 'gender': 'FEMALE', 'weight_unit': 'METRIC', 'distance_unit': 'METRIC', 'height_unit': 'METRIC', 'water_unit': 'METRIC', 'glucose_unit': 'METRIC', 'swim_unit': 'METRIC', 'bmi': 19.0, 'age': '<30'}"
